{"cameraMode":{"drawMode":0,"name":"Shaded","section":"Shading Mode"},"sceneLighting":true,"audioPlay":false,"sceneViewState":{"m_AlwaysRefresh":false,"showFog":true,"showSkybox":true,"showFlares":true,"showImageEffects":true,"showParticleSystems":true,"showVisualEffectGraphs":true,"m_FxEnabled":true},"in2DMode":false,"pivot":{"x":-11.631287574768067,"y":-26.99662208557129,"z":-33.24318313598633},"rotation":{"x":0.015610720962285996,"y":-0.9458239078521729,"z":0.3211265206336975,"w":0.04601600021123886},"size":32.820091247558597,"orthographic":false}