{"cameraMode":{"drawMode":0,"name":"Shaded","section":"Shading Mode"},"sceneLighting":true,"audioPlay":false,"sceneViewState":{"m_AlwaysRefresh":false,"showFog":true,"showSkybox":true,"showFlares":true,"showImageEffects":true,"showParticleSystems":true,"showVisualEffectGraphs":true,"m_FxEnabled":true},"in2DMode":false,"pivot":{"x":-11.7176513671875,"y":15.043556213378907,"z":54.658607482910159},"rotation":{"x":-0.013192009180784226,"y":-0.014369727112352848,"z":-0.0001233572547789663,"w":0.9998495578765869},"size":42.02448654174805,"orthographic":false}